order_id,date,region,category,units,price,discount,revenue,profit,month,avg_unit_price
1023,2025-02-02,Север,Смартфоны,9,899,0.0,8091.0,1909.96,2025-02,899.0
1078,2025-02-10,Центр,Аксессуары,9,899,0.0,8091.0,1463.71,2025-02,899.0
1106,2025-05-22,Север,Смартфоны,9,899,0.1,7281.9,1601.69,2025-05,809.1
1099,2025-04-25,Север,Ноутбуки,8,899,0.0,7192.0,1703.18,2025-04,899.0
1091,2025-03-20,Север,Аксессуары,9,899,0.15,6877.35,608.44,2025-03,764.15
1049,2025-05-03,Север,Аксессуары,9,899,0.15,6877.35,696.56,2025-05,764.15
1112,2025-05-21,Запад,Ноутбуки,8,899,0.1,6472.8,1131.66,2025-05,809.1
1035,2025-06-09,Север,Смартфоны,7,899,0.1,6293.0,518.92,2025-06,899.0
1031,2025-03-23,Запад,Смартфоны,7,899,0.1,5663.7,1174.74,2025-03,809.1
1012,2025-06-25,Юг,Смартфоны,6,899,0.05,5124.3,687.2,2025-06,854.05
1004,2025-03-20,Север,Аксессуары,9,549,0.0,4941.0,481.95,2025-03,549.0
1044,2025-03-05,Север,Смартфоны,9,549,0.05,4693.95,479.34,2025-03,521.55
1110,2025-05-07,Центр,Ноутбуки,9,549,0.05,4693.95,852.75,2025-05,521.55
1085,2025-04-24,Север,Мониторы,5,899,0.0,4495.0,603.01,2025-04,899.0
1002,2025-05-20,Юг,Аксессуары,9,549,0.15,4199.85,436.56,2025-05,466.65
1073,2025-03-25,Юг,Ноутбуки,8,549,0.1,3952.8,868.13,2025-03,494.1
1116,2025-04-13,Юг,Мониторы,8,549,0.15,3733.2,526.16,2025-04,466.65
1019,2025-06-01,Север,Ноутбуки,4,899,0.0,3596.0,563.36,2025-06,899.0
1111,2025-02-19,Север,Аксессуары,7,549,0.1,3458.7,556.18,2025-02,494.1
1047,2025-03-22,Север,Ноутбуки,4,899,0.05,3416.2,467.27,2025-03,854.05
1075,2025-05-04,Запад,Ноутбуки,4,899,0.1,3236.4,284.9,2025-05,809.1
1034,2025-04-10,Север,Мониторы,6,549,0.05,3129.3,679.74,2025-04,521.55
1011,2025-04-05,Юг,Ноутбуки,4,899,0.15,3056.6,710.68,2025-04,764.15
1077,2025-03-01,Север,Аксессуары,6,549,0.1,2964.6,311.24,2025-03,494.1
1061,2025-06-16,Запад,Смартфоны,9,299,0.0,2691.0,568.48,2025-06,299.0
1024,2025-06-16,Север,Мониторы,3,899,0.05,2562.15,450.62,2025-06,854.05
1022,2025-03-08,Центр,Ноутбуки,9,299,0.05,2556.45,683.16,2025-03,284.05
1117,2025-01-07,Юг,Ноутбуки,8,299,0.1,2152.8,356.46,2025-01,269.1
1070,2025-03-26,Север,Ноутбуки,7,299,0.0,2093.0,502.72,2025-03,299.0
1033,2025-01-17,Запад,Ноутбуки,4,549,0.05,2086.2,412.34,2025-01,521.55
1068,2025-03-08,Север,Аксессуары,8,299,0.15,2033.2,508.06,2025-03,254.15
1065,2025-03-15,Север,Аксессуары,4,549,0.1,1976.4,397.62,2025-03,494.1
1080,2025-05-01,Запад,Мониторы,4,549,0.15,1866.6,384.52,2025-05,466.65
1013,2025-05-13,Центр,Ноутбуки,4,549,0.15,1866.6,285.29,2025-05,466.65
1119,2025-02-14,Север,Ноутбуки,6,299,0.0,1794.0,371.22,2025-02,299.0
1010,2025-01-17,Юг,Ноутбуки,7,299,0.15,1779.05,461.97,2025-01,254.15
1097,2025-02-13,Центр,Мониторы,2,899,0.1,1618.2,446.63,2025-02,809.1
1089,2025-05-19,Север,Ноутбуки,5,299,0.05,1420.25,129.1,2025-05,284.05
1014,2025-05-18,Юг,Смартфоны,4,299,0.05,1136.2,162.35,2025-05,284.05
1081,2025-06-19,Север,Смартфоны,9,129,0.1,1044.9,261.46,2025-06,116.1
1032,2025-02-10,Север,Ноутбуки,2,549,0.05,1043.1,108.88,2025-02,521.55
1109,2025-03-26,Юг,Ноутбуки,2,549,0.05,1043.1,114.42,2025-03,521.55
1102,2025-02-05,Север,Смартфоны,2,549,0.1,988.2,107.74,2025-02,494.1
1057,2025-04-09,Юг,Мониторы,9,129,0.1,986.85,107.18,2025-04,109.65
1067,2025-06-12,Центр,Смартфоны,8,129,0.1,928.8,118.62,2025-06,116.1
1037,2025-06-04,Центр,Смартфоны,1,899,0.0,899.0,220.33,2025-06,899.0
1050,2025-05-21,Центр,Смартфоны,1,899,0.1,764.15,213.83,2025-05,764.15
1040,2025-04-24,Запад,Ноутбуки,3,299,0.15,762.45,128.44,2025-04,254.15
1098,2025-05-03,Центр,Смартфоны,6,129,0.1,696.6,119.61,2025-05,116.1
1041,2025-01-30,Запад,Смартфоны,9,79,0.1,639.9,89.83,2025-01,71.1
1092,2025-05-25,Юг,Смартфоны,9,79,0.15,604.35,155.21,2025-05,67.15
1107,2025-05-21,Запад,Мониторы,2,299,0.0,598.0,125.49,2025-05,299.0
1001,2025-01-17,Север,Ноутбуки,8,79,0.1,568.8,151.44,2025-01,71.1
1015,2025-05-10,Запад,Аксессуары,8,79,0.1,568.8,63.43,2025-05,71.1
1051,2025-05-17,Центр,Мониторы,2,299,0.05,568.1,121.08,2025-05,284.05
1118,2025-01-26,Север,Мониторы,1,549,0.05,521.55,105.46,2025-01,521.55
1072,2025-02-04,Юг,Аксессуары,7,79,0.1,497.7,116.67,2025-02,71.1
1079,2025-04-12,Север,Мониторы,1,549,0.1,494.1,113.17,2025-04,494.1
1009,2025-02-06,Юг,Мониторы,1,549,0.15,466.65,68.47,2025-02,466.65
1071,2025-05-24,Юг,Аксессуары,1,549,0.15,466.65,123.92,2025-05,466.65
1115,2025-04-02,Север,Мониторы,6,79,0.15,402.9,54.64,2025-04,67.15
1088,2025-02-26,Запад,Ноутбуки,9,49,0.1,396.9,80.3,2025-02,44.1
1029,2025-04-09,Запад,Аксессуары,9,49,0.1,396.9,41.16,2025-04,44.1
1059,2025-05-14,Запад,Смартфоны,3,129,0.0,387.0,46.3,2025-05,129.0
1007,2025-01-16,Центр,Мониторы,5,79,0.05,375.25,88.13,2025-01,75.05
1096,2025-02-21,Север,Мониторы,5,79,0.05,375.25,43.79,2025-02,75.05
1046,2025-06-24,Запад,Мониторы,5,79,0.05,375.25,96.0,2025-06,75.05
1028,2025-05-29,Центр,Смартфоны,8,49,0.05,372.4,100.64,2025-05,46.55
1008,2025-05-06,Запад,Смартфоны,3,129,0.1,348.3,74.62,2025-05,116.1
1063,2025-03-07,Север,Ноутбуки,7,49,0.0,343.0,27.81,2025-03,49.0
1045,2025-01-13,Север,Смартфоны,5,79,0.15,335.75,93.81,2025-01,67.15
1039,2025-02-19,Юг,Ноутбуки,3,129,0.15,328.95,56.48,2025-02,109.65
1090,2025-05-30,Запад,Аксессуары,3,129,0.15,328.95,66.86,2025-05,109.65
1056,2025-01-08,Север,Аксессуары,7,49,0.1,308.7,39.56,2025-01,44.1
1064,2025-06-24,Юг,Мониторы,6,49,0.0,294.0,26.56,2025-06,49.0
1042,2025-05-17,Юг,Смартфоны,7,49,0.15,291.55,76.88,2025-05,41.65
1120,2025-01-21,Юг,Аксессуары,1,299,0.1,269.1,43.69,2025-01,269.1
1055,2025-03-31,Юг,Аксессуары,1,299,0.1,269.1,23.09,2025-03,269.1
1036,2025-01-12,Юг,Смартфоны,8,35,0.1,252.0,43.06,2025-01,31.5
1086,2025-05-07,Север,Ноутбуки,6,49,0.15,249.9,55.47,2025-05,41.65
1017,2025-04-03,Юг,Аксессуары,7,35,0.0,245.0,65.47,2025-04,35.0
1103,2025-05-25,Юг,Аксессуары,7,35,0.0,245.0,65.96,2025-05,35.0
1020,2025-03-23,Север,Аксессуары,3,79,0.0,237.0,53.55,2025-03,79.0
1076,2025-03-27,Центр,Аксессуары,2,129,0.1,232.2,27.95,2025-03,116.1
1062,2025-05-15,Центр,Мониторы,7,35,0.1,220.5,19.23,2025-05,31.5
1101,2025-05-30,Центр,Аксессуары,7,35,0.1,220.5,42.88,2025-05,31.5
1006,2025-06-04,Юг,Ноутбуки,5,49,0.1,220.5,36.1,2025-06,44.1
1083,2025-01-29,Север,Аксессуары,2,129,0.15,219.3,49.76,2025-01,109.65
1005,2025-03-19,Запад,Аксессуары,2,129,0.1,219.3,46.4,2025-03,109.65
1095,2025-06-11,Юг,Смартфоны,6,35,0.0,210.0,20.65,2025-06,35.0
1084,2025-05-30,Юг,Мониторы,5,49,0.15,208.25,24.7,2025-05,41.65
1093,2025-06-01,Запад,Смартфоны,5,49,0.15,208.25,46.21,2025-06,41.65
1108,2025-04-30,Юг,Мониторы,6,35,0.1,189.0,50.67,2025-04,31.5
1113,2025-04-11,Центр,Смартфоны,4,49,0.1,176.4,18.32,2025-04,44.1
1060,2025-05-03,Юг,Ноутбуки,5,35,0.05,166.25,43.58,2025-05,33.25
1074,2025-01-24,Север,Смартфоны,2,79,0.0,158.0,39.12,2025-01,79.0
1053,2025-03-07,Запад,Мониторы,3,49,0.0,147.0,14.42,2025-03,49.0
1104,2025-01-02,Центр,Аксессуары,4,35,0.0,140.0,19.64,2025-01,35.0
1087,2025-01-18,Запад,Ноутбуки,3,49,0.05,139.65,38.55,2025-01,46.55
1052,2025-02-05,Центр,Смартфоны,3,49,0.1,132.3,27.79,2025-02,44.1
1003,2025-04-28,Юг,Ноутбуки,3,49,0.1,132.3,13.68,2025-04,44.1
1043,2025-05-07,Север,Аксессуары,3,49,0.15,124.95,29.52,2025-05,41.65
1027,2025-03-14,Центр,Смартфоны,1,129,0.05,122.55,27.4,2025-03,122.55
1069,2025-01-14,Центр,Смартфоны,1,129,0.15,109.65,10.03,2025-01,109.65
1082,2025-03-20,Запад,Ноутбуки,3,35,0.0,105.0,11.66,2025-03,35.0
1030,2025-03-21,Центр,Аксессуары,2,49,0.05,93.1,23.28,2025-03,46.55
1054,2025-03-26,Юг,Смартфоны,2,49,0.15,83.3,21.61,2025-03,41.65
1105,2025-05-24,Юг,Мониторы,1,79,0.0,79.0,15.45,2025-05,79.0
1016,2025-05-22,Север,Ноутбуки,1,79,0.1,71.1,7.79,2025-05,71.1
1038,2025-05-29,Юг,Мониторы,2,35,0.05,66.5,9.25,2025-05,33.25
1058,2025-01-28,Центр,Смартфоны,2,35,0.1,63.0,14.83,2025-01,31.5
1066,2025-02-28,Север,Ноутбуки,2,35,0.1,63.0,15.14,2025-02,31.5
1025,2025-05-21,Запад,Мониторы,1,49,0.1,44.1,6.85,2025-05,44.1
1021,2025-04-01,Запад,Мониторы,1,35,0.05,33.25,6.34,2025-04,33.25
1094,2025-03-11,Север,Мониторы,1,35,0.15,29.75,3.41,2025-03,29.75
